<?xml version="1.0" encoding="UTF-8"?>
<included>
  <property name="LOG_PATTERN" value="%d{yyyy-MM-dd HH:mm:ss.SSS} %X{corrId} %X{component} %X{user} %-5p %t %c{1}:%L - %m%n"/>

  <appender name="CONSOLE" class="ch.qos.logback.core.ConsoleAppender">
    <Target>System.out</Target>
    <encoder>
      <pattern>${LOG_PATTERN}</pattern>
    </encoder>
  </appender>

  <appender name="FILE" class="ch.qos.logback.core.rolling.RollingFileAppender">
    <encoder class="net.logstash.logback.encoder.LogstashEncoder" />
    <file>${LOG_FILE}</file>
    <rollingPolicy class="ch.qos.logback.core.rolling.FixedWindowRollingPolicy">
      <fileNamePattern>${LOG_FILE}.%i</fileNamePattern>
      <!-- keep log files for 7 days - ->
      TODO: To be removed? What is the meaning of 7 days for a rolling file policy???
      <maxHistory>7</maxHistory>
      -->
    </rollingPolicy>
    <triggeringPolicy class="ch.qos.logback.core.rolling.SizeBasedTriggeringPolicy">
      <MaxFileSize>10MB</MaxFileSize>
    </triggeringPolicy>
  </appender>

  <logger name="se.callista" level="INFO"/>

  <root level="INFO">
<!--
    <appender-ref ref="FILE"/>
-->
    <appender-ref ref="CONSOLE"/>
  </root>
</included>
